timestamp,page,action,detail
2026-03-08 16:30:49,Overview,Page Visit,
2026-03-08 16:30:59,Market Analysis,Page Visit,
2026-03-08 16:31:12,Salary Predictor,Page Visit,
2026-03-08 16:31:19,Salary Predictor,Page Visit,
2026-03-08 16:31:21,Salary Predictor,Page Visit,
2026-03-08 16:31:22,Salary Predictor,Page Visit,
2026-03-08 16:31:23,Salary Predictor,Page Visit,
2026-03-08 16:31:23,Salary Predictor,Prediction Made,Data Analyst|Agoura Hills|Alabama|$0
2026-03-08 16:31:27,Salary Predictor,Page Visit,
2026-03-08 16:31:28,Salary Predictor,Page Visit,
2026-03-08 16:31:28,Salary Predictor,Prediction Made,Data Analyst|Agoura Hills|Alabama|$0
2026-03-08 16:31:31,Salary Predictor,Page Visit,
2026-03-08 16:31:33,Salary Predictor,Page Visit,
2026-03-08 16:31:35,Salary Predictor,Page Visit,
2026-03-08 16:31:38,Salary Predictor,Page Visit,
2026-03-08 16:31:39,Salary Predictor,Page Visit,
2026-03-08 16:31:39,Salary Predictor,Prediction Made,"BI Analyst|Andover|Arizona|$102,607"
2026-03-08 16:32:30,User Activity & Extracts,Page Visit,
2026-03-08 16:32:42,About This Project,Page Visit,
2026-03-08 16:32:43,Raw Data Explorer,Page Visit,
2026-03-08 16:32:46,Market Analysis,Page Visit,
2026-03-08 16:32:56,NLP — Skill Intelligence,Page Visit,
2026-03-08 16:33:02,Market Analysis,Page Visit,
2026-03-08 16:33:09,Market Analysis,Page Visit,
2026-03-08 16:33:10,Market Analysis,Page Visit,
2026-03-08 16:33:11,Market Analysis,Page Visit,
2026-03-08 16:33:13,Market Analysis,Page Visit,
2026-03-08 16:33:17,NLP — Skill Intelligence,Page Visit,
2026-03-08 16:33:33,NLP — Skill Intelligence,Page Visit,
2026-03-08 16:34:08,Statistical Testing,Page Visit,
2026-03-08 16:34:26,Salary Predictor,Page Visit,
2026-03-08 16:34:30,Raw Data Explorer,Page Visit,
2026-03-08 16:34:41,Raw Data Explorer,Page Visit,
2026-03-08 16:34:44,Raw Data Explorer,Page Visit,
2026-03-08 16:34:46,Raw Data Explorer,Page Visit,
2026-03-08 16:34:55,Raw Data Explorer,Page Visit,
2026-03-08 16:34:56,User Activity & Extracts,Page Visit,
2026-03-08 16:38:39,About This Project,Page Visit,
2026-03-08 16:38:42,User Activity & Extracts,Page Visit,
